-- phpMyAdmin SQL Dump
-- version 5.2.0
-- https://www.phpmyadmin.net/
--
-- Host: 127.0.0.1
-- Waktu pembuatan: 26 Jul 2025 pada 17.56
-- Versi server: 10.4.27-MariaDB
-- Versi PHP: 7.4.33

SET SQL_MODE = "NO_AUTO_VALUE_ON_ZERO";
START TRANSACTION;
SET time_zone = "+00:00";


/*!40101 SET @OLD_CHARACTER_SET_CLIENT=@@CHARACTER_SET_CLIENT */;
/*!40101 SET @OLD_CHARACTER_SET_RESULTS=@@CHARACTER_SET_RESULTS */;
/*!40101 SET @OLD_COLLATION_CONNECTION=@@COLLATION_CONNECTION */;
/*!40101 SET NAMES utf8mb4 */;

--
-- Database: `jasadesain`
--

-- --------------------------------------------------------

--
-- Struktur dari tabel `ci_sessions`
--

CREATE TABLE `ci_sessions` (
  `id` varchar(128) NOT NULL,
  `ip_address` varchar(45) NOT NULL,
  `timestamp` int(10) UNSIGNED NOT NULL DEFAULT 0,
  `data` blob NOT NULL
) ENGINE=InnoDB DEFAULT CHARSET=utf8mb4 COLLATE=utf8mb4_general_ci;

--
-- Dumping data untuk tabel `ci_sessions`
--

INSERT INTO `ci_sessions` (`id`, `ip_address`, `timestamp`, `data`) VALUES
('fk9hf1titk5ce1cq3sd2f0n5s52sgq5j', '::1', 1720623166, 0x5f5f63695f6c6173745f726567656e65726174657c693a313732303632323937373b7265646972656374696f6e7c4e3b5f5f4143544956455f53455353494f4e5f444154417c733a3235363a223861653566303836333732336462383731313734646139353862326362633239393136626565356662613165643130313539613762313038633362333532643534323537303034626239383833316532366164623961323530333166323338366361313461656536663133393132303164376333346163343935353730653363324b3644764b4147555a3372414a68317275687973586c63566d366b31515a6c32766a4b616b703245636645477465554e69413356747045517370324132527a48584345717452435a6c4e764b363269692f5665752b4b4d7447533837734a35764355447855302f4442437045704f394c3642497231322f3944566d42506675223b),
('avf0ggep7t95k3ah202ht9akm5b9pcoh', '::1', 1720623674, 0x5f5f63695f6c6173745f726567656e65726174657c693a313732303632333430373b7265646972656374696f6e7c4e3b5f5f4143544956455f53455353494f4e5f444154417c733a3235363a223861653566303836333732336462383731313734646139353862326362633239393136626565356662613165643130313539613762313038633362333532643534323537303034626239383833316532366164623961323530333166323338366361313461656536663133393132303164376333346163343935353730653363324b3644764b4147555a3372414a68317275687973586c63566d366b31515a6c32766a4b616b703245636645477465554e69413356747045517370324132527a48584345717452435a6c4e764b363269692f5665752b4b4d7447533837734a35764355447855302f4442437045704f394c3642497231322f3944566d42506675223b),
('030vj7e9btp3qe4qktj90nkdes71gdeh', '::1', 1720624024, 0x5f5f63695f6c6173745f726567656e65726174657c693a313732303632333736373b7265646972656374696f6e7c4e3b5f5f4143544956455f53455353494f4e5f444154417c733a3235363a223861653566303836333732336462383731313734646139353862326362633239393136626565356662613165643130313539613762313038633362333532643534323537303034626239383833316532366164623961323530333166323338366361313461656536663133393132303164376333346163343935353730653363324b3644764b4147555a3372414a68317275687973586c63566d366b31515a6c32766a4b616b703245636645477465554e69413356747045517370324132527a48584345717452435a6c4e764b363269692f5665752b4b4d7447533837734a35764355447855302f4442437045704f394c3642497231322f3944566d42506675223b),
('gnkek0vrnu9db2n55hfr503qdafeshqk', '::1', 1720624372, 0x5f5f63695f6c6173745f726567656e65726174657c693a313732303632343131383b7265646972656374696f6e7c4e3b5f5f4143544956455f53455353494f4e5f444154417c733a3235363a223861653566303836333732336462383731313734646139353862326362633239393136626565356662613165643130313539613762313038633362333532643534323537303034626239383833316532366164623961323530333166323338366361313461656536663133393132303164376333346163343935353730653363324b3644764b4147555a3372414a68317275687973586c63566d366b31515a6c32766a4b616b703245636645477465554e69413356747045517370324132527a48584345717452435a6c4e764b363269692f5665752b4b4d7447533837734a35764355447855302f4442437045704f394c3642497231322f3944566d42506675223b),
('vaj4l5nuv7g989rr67gb46mnvdh60iqb', '::1', 1720624524, 0x5f5f63695f6c6173745f726567656e65726174657c693a313732303632343532343b7265646972656374696f6e7c4e3b5f5f4143544956455f53455353494f4e5f444154417c733a3235363a223861653566303836333732336462383731313734646139353862326362633239393136626565356662613165643130313539613762313038633362333532643534323537303034626239383833316532366164623961323530333166323338366361313461656536663133393132303164376333346163343935353730653363324b3644764b4147555a3372414a68317275687973586c63566d366b31515a6c32766a4b616b703245636645477465554e69413356747045517370324132527a48584345717452435a6c4e764b363269692f5665752b4b4d7447533837734a35764355447855302f4442437045704f394c3642497231322f3944566d42506675223b),
('e4h1bdkbig0kp28taoe5u1853rpic147', '::1', 1720625706, 0x5f5f63695f6c6173745f726567656e65726174657c693a313732303632353637333b7265646972656374696f6e7c4e3b5f5f4143544956455f53455353494f4e5f444154417c733a3235363a226632643665353833623262376265373735663034353339333363303736373934646533616261633161353533653633626361323461313761396165626661336532386163346262383466383732323730393062396338623839636435393665616663663232333761366633613161643565396437363536646236646462306432427a7478617347324d30614c392f423431724e7a596a73645a346d76682f436743644d385947444157774853546d6e4a78754354766641656142634a71515a61516f31694e4b4a68396378364346672b514d686e446e516d3559436c586d744a6f434673445765342b532f2b53374276474c6d535a4a516b5152576c69743443223b),
('do0e1bpvbp8st9r4ubppa684tqorhk0a', '::1', 1720626453, 0x5f5f63695f6c6173745f726567656e65726174657c693a313732303632363138303b7265646972656374696f6e7c4e3b5f5f4143544956455f53455353494f4e5f444154417c733a3235363a226632643665353833623262376265373735663034353339333363303736373934646533616261633161353533653633626361323461313761396165626661336532386163346262383466383732323730393062396338623839636435393665616663663232333761366633613161643565396437363536646236646462306432427a7478617347324d30614c392f423431724e7a596a73645a346d76682f436743644d385947444157774853546d6e4a78754354766641656142634a71515a61516f31694e4b4a68396378364346672b514d686e446e516d3559436c586d744a6f434673445765342b532f2b53374276474c6d535a4a516b5152576c69743443223b),
('g91v48rkj42korrhppqit1q5nnvl54ah', '::1', 1720626763, 0x5f5f63695f6c6173745f726567656e65726174657c693a313732303632363534363b7265646972656374696f6e7c4e3b5f5f4143544956455f53455353494f4e5f444154417c733a3235363a226632643665353833623262376265373735663034353339333363303736373934646533616261633161353533653633626361323461313761396165626661336532386163346262383466383732323730393062396338623839636435393665616663663232333761366633613161643565396437363536646236646462306432427a7478617347324d30614c392f423431724e7a596a73645a346d76682f436743644d385947444157774853546d6e4a78754354766641656142634a71515a61516f31694e4b4a68396378364346672b514d686e446e516d3559436c586d744a6f434673445765342b532f2b53374276474c6d535a4a516b5152576c69743443223b),
('i1b1075jjvi1r32rfqp1bo0iu1cqsv32', '::1', 1720626962, 0x5f5f63695f6c6173745f726567656e65726174657c693a313732303632363837313b7265646972656374696f6e7c4e3b5f5f4143544956455f53455353494f4e5f444154417c733a3235363a226632643665353833623262376265373735663034353339333363303736373934646533616261633161353533653633626361323461313761396165626661336532386163346262383466383732323730393062396338623839636435393665616663663232333761366633613161643565396437363536646236646462306432427a7478617347324d30614c392f423431724e7a596a73645a346d76682f436743644d385947444157774853546d6e4a78754354766641656142634a71515a61516f31694e4b4a68396378364346672b514d686e446e516d3559436c586d744a6f434673445765342b532f2b53374276474c6d535a4a516b5152576c69743443223b),
('n7e3tv9hisga122eils0lc1rfog2ha3v', '::1', 1720628548, 0x5f5f63695f6c6173745f726567656e65726174657c693a313732303632383236363b7265646972656374696f6e7c4e3b5f5f4143544956455f53455353494f4e5f444154417c733a3235363a226632643665353833623262376265373735663034353339333363303736373934646533616261633161353533653633626361323461313761396165626661336532386163346262383466383732323730393062396338623839636435393665616663663232333761366633613161643565396437363536646236646462306432427a7478617347324d30614c392f423431724e7a596a73645a346d76682f436743644d385947444157774853546d6e4a78754354766641656142634a71515a61516f31694e4b4a68396378364346672b514d686e446e516d3559436c586d744a6f434673445765342b532f2b53374276474c6d535a4a516b5152576c69743443223b),
('cdqqomc0k3nb00c6ipg4mpa3blj8fo62', '::1', 1720628858, 0x5f5f63695f6c6173745f726567656e65726174657c693a313732303632383631383b7265646972656374696f6e7c4e3b5f5f4143544956455f53455353494f4e5f444154417c733a3235363a226632643665353833623262376265373735663034353339333363303736373934646533616261633161353533653633626361323461313761396165626661336532386163346262383466383732323730393062396338623839636435393665616663663232333761366633613161643565396437363536646236646462306432427a7478617347324d30614c392f423431724e7a596a73645a346d76682f436743644d385947444157774853546d6e4a78754354766641656142634a71515a61516f31694e4b4a68396378364346672b514d686e446e516d3559436c586d744a6f434673445765342b532f2b53374276474c6d535a4a516b5152576c69743443223b636172745f636f6e74656e74737c613a333a7b733a31303a22636172745f746f74616c223b643a3130303030303b733a31313a22746f74616c5f6974656d73223b643a313b733a33323a223938663133373038323130313934633437353638376265363130366133623834223b613a363a7b733a323a226964223b733a323a223230223b733a333a22717479223b643a313b733a353a227072696365223b643a3130303030303b733a343a226e616d65223b733a383a22592042616e6e6572223b733a353a22726f776964223b733a33323a223938663133373038323130313934633437353638376265363130366133623834223b733a383a22737562746f74616c223b643a3130303030303b7d7d6f726465725f7175616e746974797c613a313a7b693a32303b613a323a7b733a333a22717479223b643a313b733a353a227072696365223b643a3130303030303b7d7d746f74616c5f70726963657c643a3130303030303b),
('grbrgoo7l2ct8doth89mpm922bhfa41p', '::1', 1720629332, 0x5f5f63695f6c6173745f726567656e65726174657c693a313732303632393037323b7265646972656374696f6e7c4e3b5f5f4143544956455f53455353494f4e5f444154417c733a3235363a226632643665353833623262376265373735663034353339333363303736373934646533616261633161353533653633626361323461313761396165626661336532386163346262383466383732323730393062396338623839636435393665616663663232333761366633613161643565396437363536646236646462306432427a7478617347324d30614c392f423431724e7a596a73645a346d76682f436743644d385947444157774853546d6e4a78754354766641656142634a71515a61516f31694e4b4a68396378364346672b514d686e446e516d3559436c586d744a6f434673445765342b532f2b53374276474c6d535a4a516b5152576c69743443223b6f726465725f666c6173687c733a32363a224f7264657220626572686173696c20646974616d6261686b616e223b5f5f63695f766172737c613a313a7b733a31313a226f726465725f666c617368223b733a333a226f6c64223b7d),
('6tpp28fumn0kah5gsm3l3ralof2vf50u', '::1', 1720629490, 0x5f5f63695f6c6173745f726567656e65726174657c693a313732303632393338303b7265646972656374696f6e7c4e3b5f5f4143544956455f53455353494f4e5f444154417c733a3235363a223562633836353663643065363432666231316438623335313731633161633135326238666435356334356363656137663664383834396565336333346662383463396133376230333532333234373465356238356532656538646238346632376639613939616265333735653566353035633665376165666637313637346233506a56516c353668376f474a4e69456252326e4a5a6e746a726d684b58497166483979684162763277596b467166562f5678465768444844377542355258397452444f6f6d62544f612f742f795448497041326d57786a5870623136397552714e496b48467669454b56663677514846683472394238524a556c646946743464223b),
('aqf5ufb5u1742k5k8r84cnfcuam8ccqc', '::1', 1720630200, 0x5f5f63695f6c6173745f726567656e65726174657c693a313732303633303135383b7265646972656374696f6e7c4e3b5f5f4143544956455f53455353494f4e5f444154417c733a3235363a22353263633233666638376662353036313938393634656366643132646530326664616337376232333438663136306331616665623830306563323364666638623264383366383965303135356135623436623931326431343137663566343864343737643863313638343631653264653632346139343838343261616130356643466d637253577551484c61766f54662b612f502b6c76716d664d4b79697632335a79615232756573676841354f6f487451687157384233785339424f72596356533146546378656331524a6f63534e517962634a766d6f6c6e59585370336a332f4e68596a4b4b6a576c46777668595454754c7a753454644b615747765975223b636172745f636f6e74656e74737c613a333a7b733a31303a22636172745f746f74616c223b643a3130303030303b733a31313a22746f74616c5f6974656d73223b643a313b733a33323a223666343932326634353536383136316138636466346164323239396636643233223b613a363a7b733a323a226964223b733a323a223138223b733a333a22717479223b643a313b733a353a227072696365223b643a3130303030303b733a343a226e616d65223b733a31333a2244657361696e2042616e6e6572223b733a353a22726f776964223b733a33323a223666343932326634353536383136316138636466346164323239396636643233223b733a383a22737562746f74616c223b643a3130303030303b7d7d),
('7c9jshaneeabvip5tlsrgjh22o2vu573', '::1', 1720630541, 0x5f5f63695f6c6173745f726567656e65726174657c693a313732303633303534303b7265646972656374696f6e7c4e3b5f5f4143544956455f53455353494f4e5f444154417c733a3235363a22353263633233666638376662353036313938393634656366643132646530326664616337376232333438663136306331616665623830306563323364666638623264383366383965303135356135623436623931326431343137663566343864343737643863313638343631653264653632346139343838343261616130356643466d637253577551484c61766f54662b612f502b6c76716d664d4b79697632335a79615232756573676841354f6f487451687157384233785339424f72596356533146546378656331524a6f63534e517962634a766d6f6c6e59585370336a332f4e68596a4b4b6a576c46777668595454754c7a753454644b615747765975223b636172745f636f6e74656e74737c613a333a7b733a31303a22636172745f746f74616c223b643a3130303030303b733a31313a22746f74616c5f6974656d73223b643a313b733a33323a223666343932326634353536383136316138636466346164323239396636643233223b613a363a7b733a323a226964223b733a323a223138223b733a333a22717479223b643a313b733a353a227072696365223b643a3130303030303b733a343a226e616d65223b733a31333a2244657361696e2042616e6e6572223b733a353a22726f776964223b733a33323a223666343932326634353536383136316138636466346164323239396636643233223b733a383a22737562746f74616c223b643a3130303030303b7d7d6f726465725f7175616e746974797c613a313a7b693a31383b613a323a7b733a333a22717479223b643a313b733a353a227072696365223b643a3130303030303b7d7d746f74616c5f70726963657c643a3130303030303b),
('eh3k63jb3og9eq7peu2o9fv7kjt4e29e', '::1', 1720630982, 0x5f5f63695f6c6173745f726567656e65726174657c693a313732303633303938303b7265646972656374696f6e7c4e3b5f5f4143544956455f53455353494f4e5f444154417c733a3235363a22353263633233666638376662353036313938393634656366643132646530326664616337376232333438663136306331616665623830306563323364666638623264383366383965303135356135623436623931326431343137663566343864343737643863313638343631653264653632346139343838343261616130356643466d637253577551484c61766f54662b612f502b6c76716d664d4b79697632335a79615232756573676841354f6f487451687157384233785339424f72596356533146546378656331524a6f63534e517962634a766d6f6c6e59585370336a332f4e68596a4b4b6a576c46777668595454754c7a753454644b615747765975223b636172745f636f6e74656e74737c613a333a7b733a31303a22636172745f746f74616c223b643a3130303030303b733a31313a22746f74616c5f6974656d73223b643a313b733a33323a223666343932326634353536383136316138636466346164323239396636643233223b613a363a7b733a323a226964223b733a323a223138223b733a333a22717479223b643a313b733a353a227072696365223b643a3130303030303b733a343a226e616d65223b733a31333a2244657361696e2042616e6e6572223b733a353a22726f776964223b733a33323a223666343932326634353536383136316138636466346164323239396636643233223b733a383a22737562746f74616c223b643a3130303030303b7d7d6f726465725f7175616e746974797c613a313a7b693a31383b613a323a7b733a333a22717479223b643a313b733a353a227072696365223b643a3130303030303b7d7d746f74616c5f70726963657c643a3130303030303b),
('orjlarta8ocivqo4p6l0uuh7fc5hvjn0', '::1', 1720672519, 0x5f5f63695f6c6173745f726567656e65726174657c693a313732303637323233303b7265646972656374696f6e7c4e3b5f5f4143544956455f53455353494f4e5f444154417c733a3235363a223332353031333564306433333137303033653165343333373233343765353937383934363538376465626162643437633565336531636166623866653934393862663035383661323161303233313066303066373061613233343633346163376464396530346361663833396134623030643663623964653039373033376434376771644a79313951713453746c6563545a49646d5531663677595443437a506e476a39387443305a4c6778646e78494e4939335a4a452b612f6b4b476d513634504a5136414c6a747943636735477436576c6c54784f625a546b494d2f2b7650534f4a656342757863327a5447316e4a4b306650577a457055374570553962223b),
('romudge82hu8vf337e9taihf7i10a6i1', '::1', 1720672839, 0x5f5f63695f6c6173745f726567656e65726174657c693a313732303637323534323b7265646972656374696f6e7c4e3b5f5f4143544956455f53455353494f4e5f444154417c733a3235363a2230313337373461326535366631353966333666303661633562633137346262643330623738383432643437363035303838643962373336613939623832613734366161383463623632343663336165313164383266383230653663663639356530343565633265373134353537366136323339303666333166626635656134624d4b755439417253567a786238326f7567616938654e4167322f792f6f57436f31527a45476c59744c4c44774c632b6d43433948363765684e7a56656635616a486a5657665373452f5265664845646f4961397964545044444b52556f6657415a66337271512f51526349796a535964487674716f6b794b574b564954437874223b),
('mi8bfshooqqddjafcvpa83s6t4eath1m', '::1', 1720672750, 0x5f5f63695f6c6173745f726567656e65726174657c693a313732303637323631373b7265646972656374696f6e7c4e3b5f5f4143544956455f53455353494f4e5f444154417c733a3235363a223332353031333564306433333137303033653165343333373233343765353937383934363538376465626162643437633565336531636166623866653934393862663035383661323161303233313066303066373061613233343633346163376464396530346361663833396134623030643663623964653039373033376434376771644a79313951713453746c6563545a49646d5531663677595443437a506e476a39387443305a4c6778646e78494e4939335a4a452b612f6b4b476d513634504a5136414c6a747943636735477436576c6c54784f625a546b494d2f2b7650534f4a656342757863327a5447316e4a4b306650577a457055374570553962223b),
('and07uqih5ah8rv5834a9tl95i2p8ga7', '::1', 1720672844, 0x5f5f63695f6c6173745f726567656e65726174657c693a313732303637323834333b7265646972656374696f6e7c4e3b5f5f4143544956455f53455353494f4e5f444154417c733a3235363a2230313337373461326535366631353966333666303661633562633137346262643330623738383432643437363035303838643962373336613939623832613734366161383463623632343663336165313164383266383230653663663639356530343565633265373134353537366136323339303666333166626635656134624d4b755439417253567a786238326f7567616938654e4167322f792f6f57436f31527a45476c59744c4c44774c632b6d43433948363765684e7a56656635616a486a5657665373452f5265664845646f4961397964545044444b52556f6657415a66337271512f51526349796a535964487674716f6b794b574b564954437874223b),
('k95ueq9n10gqbr7oqmircb52hi6i5lld', '::1', 1720674147, 0x5f5f63695f6c6173745f726567656e65726174657c693a313732303637343134363b7265646972656374696f6e7c4e3b5f5f4143544956455f53455353494f4e5f444154417c733a3235363a223332353031333564306433333137303033653165343333373233343765353937383934363538376465626162643437633565336531636166623866653934393862663035383661323161303233313066303066373061613233343633346163376464396530346361663833396134623030643663623964653039373033376434376771644a79313951713453746c6563545a49646d5531663677595443437a506e476a39387443305a4c6778646e78494e4939335a4a452b612f6b4b476d513634504a5136414c6a747943636735477436576c6c54784f625a546b494d2f2b7650534f4a656342757863327a5447316e4a4b306650577a457055374570553962223b),
('ic8eefgd4pkpedjrlgoiuklqs6gs8ctf', '::1', 1720675219, 0x5f5f63695f6c6173745f726567656e65726174657c693a313732303637353230333b7265646972656374696f6e7c4e3b5f5f4143544956455f53455353494f4e5f444154417c733a3235363a223332353031333564306433333137303033653165343333373233343765353937383934363538376465626162643437633565336531636166623866653934393862663035383661323161303233313066303066373061613233343633346163376464396530346361663833396134623030643663623964653039373033376434376771644a79313951713453746c6563545a49646d5531663677595443437a506e476a39387443305a4c6778646e78494e4939335a4a452b612f6b4b476d513634504a5136414c6a747943636735477436576c6c54784f625a546b494d2f2b7650534f4a656342757863327a5447316e4a4b306650577a457055374570553962223b),
('9h23pq1qe2sqs952btta90nrfnmleeq2', '::1', 1720678921, 0x5f5f63695f6c6173745f726567656e65726174657c693a313732303637383836393b7265646972656374696f6e7c4e3b5f5f4143544956455f53455353494f4e5f444154417c733a3235363a223332353031333564306433333137303033653165343333373233343765353937383934363538376465626162643437633565336531636166623866653934393862663035383661323161303233313066303066373061613233343633346163376464396530346361663833396134623030643663623964653039373033376434376771644a79313951713453746c6563545a49646d5531663677595443437a506e476a39387443305a4c6778646e78494e4939335a4a452b612f6b4b476d513634504a5136414c6a747943636735477436576c6c54784f625a546b494d2f2b7650534f4a656342757863327a5447316e4a4b306650577a457055374570553962223b),
('vstkj6f84h5e9jvrqk8u5o21ml5t6ee1', '::1', 1720680040, 0x5f5f63695f6c6173745f726567656e65726174657c693a313732303638303033353b7265646972656374696f6e7c4e3b5f5f4143544956455f53455353494f4e5f444154417c733a3235363a223332353031333564306433333137303033653165343333373233343765353937383934363538376465626162643437633565336531636166623866653934393862663035383661323161303233313066303066373061613233343633346163376464396530346361663833396134623030643663623964653039373033376434376771644a79313951713453746c6563545a49646d5531663677595443437a506e476a39387443305a4c6778646e78494e4939335a4a452b612f6b4b476d513634504a5136414c6a747943636735477436576c6c54784f625a546b494d2f2b7650534f4a656342757863327a5447316e4a4b306650577a457055374570553962223b),
('12005hk7gqa30qo3qqu42hqdjhbf94bn', '::1', 1720682291, 0x5f5f63695f6c6173745f726567656e65726174657c693a313732303638323238363b7265646972656374696f6e7c4e3b5f5f4143544956455f53455353494f4e5f444154417c733a3235363a223332353031333564306433333137303033653165343333373233343765353937383934363538376465626162643437633565336531636166623866653934393862663035383661323161303233313066303066373061613233343633346163376464396530346361663833396134623030643663623964653039373033376434376771644a79313951713453746c6563545a49646d5531663677595443437a506e476a39387443305a4c6778646e78494e4939335a4a452b612f6b4b476d513634504a5136414c6a747943636735477436576c6c54784f625a546b494d2f2b7650534f4a656342757863327a5447316e4a4b306650577a457055374570553962223b),
('l1ehhf0vn09dmeftnbl28gt99glh725q', '::1', 1720767996, 0x5f5f63695f6c6173745f726567656e65726174657c693a313732303736373939323b),
('ooh4ph0jsq47rc1b9u6p1n0edd3tcg4p', '::1', 1720768884, 0x5f5f63695f6c6173745f726567656e65726174657c693a313732303736383635313b5f5f4143544956455f53455353494f4e5f444154417c733a3235363a2261366463366137616431626630643264636531643434346533373565633265613636313033373139623862383632326266323531613533336239353630616433346462353538346166363030333462303635393165396237636333356665666339353434383930646462323536373533353362613434633532346162646661397748456444374f744d5276324e4a6d774e756f59737378685a46746f636176524f572f6c4e537661612b395873334f36716931576c5566793643416b5435442b5a5574723045374f3149715a36514e2b59717174756439433148483249737a696c6e76466d6b4d366578312f35736a2b7a424f46335830314b4264764a6b6e7a223b),
('ij5lb9o1sjp5vpd6mm283ul6fgge7asb', '::1', 1720769084, 0x5f5f63695f6c6173745f726567656e65726174657c693a313732303736383831323b7265646972656374696f6e7c4e3b5f5f4143544956455f53455353494f4e5f444154417c733a3235363a22383664663838393437653037323261396464626136306238663135663064353930613635343438313233623364613530353639666464303036393562366266303563643232656265633234393065363535373365346265656638326164333065656362386134313438356334623261663166663962353830313131396561616667613934654a714c3930494d69314c576a336e564d5a6261484835656e6d537869306d5964474d594766585a73542b324a4e396a4b39684f5350434b4675793077647a57552b4d57354c346e50396f702b576b3253426350463776734d6b7259376d2f48316c6131725862536358536564625858365a47727a6c5a52794a6a59223b),
('3kpo2rt0fear0co9e1738025af2uau3c', '::1', 1720769132, 0x5f5f63695f6c6173745f726567656e65726174657c693a313732303736393132323b7265646972656374696f6e7c4e3b5f5f4143544956455f53455353494f4e5f444154417c733a3235363a22383664663838393437653037323261396464626136306238663135663064353930613635343438313233623364613530353639666464303036393562366266303563643232656265633234393065363535373365346265656638326164333065656362386134313438356334623261663166663962353830313131396561616667613934654a714c3930494d69314c576a336e564d5a6261484835656e6d537869306d5964474d594766585a73542b324a4e396a4b39684f5350434b4675793077647a57552b4d57354c346e50396f702b576b3253426350463776734d6b7259376d2f48316c6131725862536358536564625858365a47727a6c5a52794a6a59223b),
('c40varlga58afrmhfp7b5vdl8jhrpr3c', '::1', 1720769421, 0x5f5f63695f6c6173745f726567656e65726174657c693a313732303736393134393b5f5f4143544956455f53455353494f4e5f444154417c733a3235363a2261366463366137616431626630643264636531643434346533373565633265613636313033373139623862383632326266323531613533336239353630616433346462353538346166363030333462303635393165396237636333356665666339353434383930646462323536373533353362613434633532346162646661397748456444374f744d5276324e4a6d774e756f59737378685a46746f636176524f572f6c4e537661612b395873334f36716931576c5566793643416b5435442b5a5574723045374f3149715a36514e2b59717174756439433148483249737a696c6e76466d6b4d366578312f35736a2b7a424f46335830314b4264764a6b6e7a223b),
('s4ckkvkg0eeb41jadth2omral9n0lns3', '::1', 1720769473, 0x5f5f63695f6c6173745f726567656e65726174657c693a313732303736393432383b7265646972656374696f6e7c4e3b5f5f4143544956455f53455353494f4e5f444154417c733a3235363a22383664663838393437653037323261396464626136306238663135663064353930613635343438313233623364613530353639666464303036393562366266303563643232656265633234393065363535373365346265656638326164333065656362386134313438356334623261663166663962353830313131396561616667613934654a714c3930494d69314c576a336e564d5a6261484835656e6d537869306d5964474d594766585a73542b324a4e396a4b39684f5350434b4675793077647a57552b4d57354c346e50396f702b576b3253426350463776734d6b7259376d2f48316c6131725862536358536564625858365a47727a6c5a52794a6a59223b),
('j30jkdml6a98ivtttki6pkmo6cdnnvmi', '::1', 1720867826, 0x5f5f63695f6c6173745f726567656e65726174657c693a313732303836373633313b636172745f636f6e74656e74737c613a333a7b733a31303a22636172745f746f74616c223b643a3130303030303b733a31313a22746f74616c5f6974656d73223b643a313b733a33323a223938663133373038323130313934633437353638376265363130366133623834223b613a363a7b733a323a226964223b733a323a223230223b733a333a22717479223b643a313b733a353a227072696365223b643a3130303030303b733a343a226e616d65223b733a383a22592042616e6e6572223b733a353a22726f776964223b733a33323a223938663133373038323130313934633437353638376265363130366133623834223b733a383a22737562746f74616c223b643a3130303030303b7d7d6f726465725f7175616e746974797c613a313a7b693a32303b613a323a7b733a333a22717479223b643a313b733a353a227072696365223b643a3130303030303b7d7d746f74616c5f70726963657c643a3130303030303b),
('rfdmjm83kt3grkdr5f79pui0mnf2qnsu', '::1', 1753545319, 0x5f5f63695f6c6173745f726567656e65726174657c693a313735333534353132383b7265646972656374696f6e7c4e3b);

-- --------------------------------------------------------

--
-- Struktur dari tabel `contacts`
--

CREATE TABLE `contacts` (
  `id` int(10) NOT NULL,
  `parent_id` int(10) DEFAULT NULL,
  `name` varchar(32) NOT NULL,
  `subject` varchar(128) DEFAULT NULL,
  `email` varchar(64) NOT NULL,
  `message` mediumtext NOT NULL,
  `contact_date` datetime DEFAULT NULL,
  `status` tinyint(1) DEFAULT 1,
  `reply_at` datetime DEFAULT NULL
) ENGINE=InnoDB DEFAULT CHARSET=utf8mb4 COLLATE=utf8mb4_general_ci;

--
-- Dumping data untuk tabel `contacts`
--

INSERT INTO `contacts` (`id`, `parent_id`, `name`, `subject`, `email`, `message`, `contact_date`, `status`, `reply_at`) VALUES
(5, NULL, 'Dhani Ahmad', 'Pesanan Desain Banner', 'Dhan112@gmail.com', 'Mohon untuk segera di proses :\r\n- Banner ukuran 3x5 meter\r\n- Nama Bakso Mercon\r\n- Warna Kuning Merah Biru\r\n- Gambar Mangkuk berisi Bakso\r\n \r\nTagline\r\nBakso Mercon Pak Kusno Magelang', '2024-07-09 18:03:57', 2, NULL),
(6, NULL, 'Ady Putro', 'Pesanan Desain Banner', 'ady11@gmail.com', 'Mohon pesanan segera di proses desain seperti berikut:\r\n- Desain banner dengan tema restaurant dengan 2 tema yaitu makanan dan minuman\r\n- Desain diselesaikan dalam waktu 3 hari\r\n\r\nterima kasih', '2024-07-11 06:39:08', 2, NULL),
(7, NULL, 'kartika', 'desain banner', '12345@gmail.com', 'deskrpsi', '2024-07-12 09:21:22', 2, NULL);

-- --------------------------------------------------------

--
-- Struktur dari tabel `coupons`
--

CREATE TABLE `coupons` (
  `id` bigint(20) NOT NULL,
  `name` varchar(191) NOT NULL,
  `code` varchar(32) NOT NULL,
  `credit` decimal(8,2) NOT NULL,
  `start_date` date NOT NULL,
  `expired_date` date NOT NULL,
  `is_active` tinyint(4) DEFAULT 1
) ENGINE=InnoDB DEFAULT CHARSET=utf8mb4 COLLATE=utf8mb4_general_ci;

-- --------------------------------------------------------

--
-- Struktur dari tabel `customers`
--

CREATE TABLE `customers` (
  `id` bigint(20) NOT NULL,
  `user_id` bigint(20) UNSIGNED DEFAULT NULL,
  `name` varchar(191) NOT NULL,
  `phone_number` varchar(32) DEFAULT NULL,
  `address` varchar(191) NOT NULL,
  `profile_picture` varchar(191) DEFAULT NULL
) ENGINE=InnoDB DEFAULT CHARSET=utf8mb4 COLLATE=utf8mb4_general_ci;

--
-- Dumping data untuk tabel `customers`
--

INSERT INTO `customers` (`id`, `user_id`, `name`, `phone_number`, `address`, `profile_picture`) VALUES
(12, 16, 'Arfa Nuha', '08112233455', 'Magelang', 'person_3.jpg'),
(14, 18, 'Susilowati', '08544561245', 'Magelang', 'avatar.png'),
(15, 19, 'Agung Saputra', '6545822563', 'Yogyakarta', 'avatar-sm-8.jpg'),
(16, 20, 'Ady Putro', '623546582215', 'Magelang Jawa Tengah', 'img_6.jpg'),
(17, 21, 'Fadli Nugroho', '62354212354', 'Magelang', 'avatar-4.jpg'),
(18, 22, 'Tika Maharani', '62315425548', 'Magelang', 'person_1.jpg'),
(19, 23, 'Dhani Ahmad', '62533458666', 'Magelang', 'profile.jpg');

-- --------------------------------------------------------

--
-- Struktur dari tabel `orders`
--

CREATE TABLE `orders` (
  `id` bigint(20) NOT NULL,
  `user_id` bigint(20) UNSIGNED DEFAULT NULL,
  `coupon_id` bigint(20) DEFAULT NULL,
  `order_number` varchar(16) NOT NULL,
  `order_status` enum('1','2','3','4','5') DEFAULT '1',
  `order_date` datetime NOT NULL,
  `total_price` decimal(12,2) DEFAULT NULL,
  `total_items` int(10) DEFAULT NULL,
  `payment_method` int(11) DEFAULT 1,
  `delivery_data` text DEFAULT NULL,
  `delivered_date` datetime DEFAULT NULL,
  `finish_date` datetime DEFAULT NULL
) ENGINE=InnoDB DEFAULT CHARSET=utf8mb4 COLLATE=utf8mb4_general_ci;

--
-- Dumping data untuk tabel `orders`
--

INSERT INTO `orders` (`id`, `user_id`, `coupon_id`, `order_number`, `order_status`, `order_date`, `total_price`, `total_items`, `payment_method`, `delivery_data`, `delivered_date`, `finish_date`) VALUES
(27, 16, NULL, 'AHS9724116562', '2', '2024-07-09 13:53:05', '100000.00', 1, 1, '{\"customer\":{\"name\":\"Arfa Nuha\",\"phone_number\":\"08112233455\",\"address\":\"Magelang\"},\"note\":\"arfa@gmail.com\"}', NULL, NULL),
(32, 16, NULL, 'MHJ9724116635', '4', '2024-07-09 16:30:01', '200000.00', 1, 1, '{\"customer\":{\"name\":\"Arfa Nuha\",\"phone_number\":\"08112233455\",\"address\":\"Magelang\"},\"note\":\"arfa@gmail.com\"}', NULL, NULL),
(33, 23, NULL, 'EUO9724223627', '2', '2024-07-09 17:43:37', '200000.00', 2, 1, '{\"customer\":{\"name\":\"Dhani Ahmad\",\"phone_number\":\"62533458666\",\"address\":\"Magelang\"},\"note\":\"dhani1122@gmail.com\"}', NULL, NULL),
(34, 23, NULL, 'OSH9724223283', '1', '2024-07-09 17:55:54', '500000.00', 2, 2, '{\"customer\":{\"name\":\"Dhani Ahmad\",\"phone_number\":\"62533458666\",\"address\":\"Magelang\"},\"note\":\"Dhani@gmail.com\"}', NULL, NULL),
(35, 18, NULL, 'NBV10724118280', '4', '2024-07-10 05:11:46', '300000.00', 1, 1, '{\"customer\":{\"name\":\"Susilowati\",\"phone_number\":\"08544561245\",\"address\":\"Magelang\"},\"note\":\"SusiAir@gmail.com\"}', NULL, NULL),
(36, 20, NULL, 'OYT10724120974', '2', '2024-07-10 05:41:57', '200000.00', 1, 1, '{\"customer\":{\"name\":\"Ady Putro\",\"phone_number\":\"623546582215\",\"address\":\"Sleman\"},\"note\":\"adyputro1122@gmail.com\"}', NULL, NULL),
(37, 20, NULL, 'ZTB10724120738', '1', '2024-07-10 18:18:43', '100000.00', 1, 1, '{\"customer\":{\"name\":\"Ady Putro\",\"phone_number\":\"623546582215\",\"address\":\"Sleman\"},\"note\":\"Adyputro@gmail.com\"}', NULL, NULL),
(38, 20, NULL, 'JCU10724120450', '1', '2024-07-10 18:35:31', '100000.00', 1, 2, '{\"customer\":{\"name\":\"Ady Putro\",\"phone_number\":\"623546582215\",\"address\":\"Sleman\"},\"note\":\"adyputro223@gmail.com\"}', NULL, NULL),
(39, 20, NULL, 'WWY11724120147', '1', '2024-07-11 06:32:00', '100000.00', 1, 1, '{\"customer\":{\"name\":\"Ady Putro\",\"phone_number\":\"623546582215\",\"address\":\"Sleman\"},\"note\":\"adyputro1122@gmail.com\"}', NULL, NULL),
(40, 20, NULL, 'DZJ11724220409', '2', '2024-07-11 06:33:26', '200000.00', 2, 1, '{\"customer\":{\"name\":\"Ady Putro\",\"phone_number\":\"623546582215\",\"address\":\"Sleman\"},\"note\":\"adyputro332@gmail.com\"}', NULL, NULL);

-- --------------------------------------------------------

--
-- Struktur dari tabel `order_item`
--

CREATE TABLE `order_item` (
  `id` bigint(20) NOT NULL,
  `order_id` bigint(20) DEFAULT NULL,
  `product_id` bigint(20) DEFAULT NULL,
  `order_qty` int(10) NOT NULL,
  `order_price` decimal(12,2) DEFAULT NULL
) ENGINE=InnoDB DEFAULT CHARSET=utf8mb4 COLLATE=utf8mb4_general_ci;

--
-- Dumping data untuk tabel `order_item`
--

INSERT INTO `order_item` (`id`, `order_id`, `product_id`, `order_qty`, `order_price`) VALUES
(29, 25, 16, 1, '100000.00'),
(30, 26, 16, 1, '100000.00'),
(31, 27, 16, 1, '100000.00'),
(32, 28, 16, 1, '100000.00'),
(33, 29, 16, 1, '100000.00'),
(34, 30, 16, 2, '100000.00'),
(35, 31, 21, 1, '100000.00'),
(36, 32, 30, 2, '100000.00'),
(37, 33, 18, 1, '100000.00'),
(38, 33, 21, 1, '100000.00'),
(39, 34, 18, 4, '100000.00'),
(40, 34, 19, 1, '100000.00'),
(41, 35, 20, 3, '100000.00'),
(42, 36, 21, 2, '100000.00'),
(43, 37, 18, 1, '100000.00'),
(44, 38, 20, 1, '100000.00'),
(45, 39, 20, 1, '100000.00'),
(46, 40, 18, 1, '100000.00'),
(47, 40, 20, 1, '100000.00'),
(48, 41, 18, 2, '100000.00');

-- --------------------------------------------------------

--
-- Struktur dari tabel `payments`
--

CREATE TABLE `payments` (
  `id` bigint(20) NOT NULL,
  `order_id` bigint(20) DEFAULT NULL,
  `payment_price` decimal(12,2) DEFAULT NULL,
  `payment_date` datetime NOT NULL,
  `picture_name` varchar(191) DEFAULT NULL,
  `payment_status` enum('1','2','3') DEFAULT '1',
  `confirmed_date` datetime DEFAULT NULL,
  `payment_data` text DEFAULT NULL
) ENGINE=InnoDB DEFAULT CHARSET=utf8mb4 COLLATE=utf8mb4_general_ci;

--
-- Dumping data untuk tabel `payments`
--

INSERT INTO `payments` (`id`, `order_id`, `payment_price`, `payment_date`, `picture_name`, `payment_status`, `confirmed_date`, `payment_data`) VALUES
(12, 25, '100000.00', '2024-07-09 06:38:39', 'kwitansi-24010003.jpg', NULL, NULL, '{\"transfer_to\":\"mandiri\",\"source\":{\"bank\":\"Mandiri\",\"name\":\"Testing\",\"number\":\"12345643123\"}}'),
(13, 27, '100000.00', '2024-07-09 13:54:11', '5ef367ead541df76b228c022.jpg', '1', NULL, '{\"transfer_to\":\"mandiri\",\"source\":{\"bank\":\"arfa\",\"name\":\"Arfa Nuha\",\"number\":\"112235468887754\"}}'),
(14, 32, '200000.00', '2024-07-09 16:31:19', 'Kartu_Nama_4.jpg', '2', NULL, '{\"transfer_to\":\"bca\",\"source\":{\"bank\":\"arfa\",\"name\":\"arfa nuha\",\"number\":\"456513232454\"}}'),
(15, 33, '100000.00', '2024-07-09 17:44:15', 'sativa.png', '1', NULL, '{\"transfer_to\":\"mandiri\",\"source\":{\"bank\":\"dhani ahmad\",\"name\":\"dhani ahmad\",\"number\":\"232154658\"}}'),
(16, 35, '200000.00', '2024-07-10 05:15:59', 'sativa1.png', NULL, NULL, '{\"transfer_to\":\"mandiri\",\"source\":{\"bank\":\"Susilowati\",\"name\":\"Susilowati\",\"number\":\"23154653212154\"}}'),
(17, 36, '200000.00', '2024-07-10 05:42:49', '5ef367ead541df76b228c0221.jpg', '1', NULL, '{\"transfer_to\":\"mandiri\",\"source\":{\"bank\":\"ady putro\",\"name\":\"ady putro\",\"number\":\"5312364564\"}}'),
(18, 40, '200000.00', '2024-07-11 06:34:08', 'Picture1.png', '2', NULL, '{\"transfer_to\":\"bca\",\"source\":{\"bank\":\"ady putro\",\"name\":\"ady putro\",\"number\":\"13234565221\"}}');

-- --------------------------------------------------------

--
-- Struktur dari tabel `products`
--

CREATE TABLE `products` (
  `id` bigint(20) NOT NULL,
  `category_id` int(10) DEFAULT NULL,
  `sku` varchar(32) DEFAULT NULL,
  `name` varchar(191) NOT NULL,
  `description` varchar(191) DEFAULT NULL,
  `picture_name` varchar(191) DEFAULT NULL,
  `price` decimal(12,2) NOT NULL,
  `current_discount` decimal(8,2) DEFAULT 0.00,
  `stock` int(10) NOT NULL,
  `product_unit` varchar(32) DEFAULT NULL,
  `is_available` tinyint(1) DEFAULT 1,
  `add_date` datetime DEFAULT NULL
) ENGINE=InnoDB DEFAULT CHARSET=utf8mb4 COLLATE=utf8mb4_general_ci;

--
-- Dumping data untuk tabel `products`
--

INSERT INTO `products` (`id`, `category_id`, `sku`, `name`, `description`, `picture_name`, `price`, `current_discount`, `stock`, `product_unit`, `is_available`, `add_date`) VALUES
(18, 10, 'DBB11653', 'Desain Banner', NULL, 'Spanduk-e1638332048172.jpg', '100000.00', '0.00', 1, '1', 1, '2024-07-09 15:27:33'),
(19, 10, 'DBB11995', 'Desain Banner', '', 'Banner_1.jpg', '100000.00', '0.00', 1, '1', 1, '2024-07-09 15:49:55'),
(20, 10, 'YBB11311', 'Y Banner', 'Y Banner Desain ', 'Y_Banner.jpg', '100000.00', '0.00', 1, '1', 1, '2024-07-09 15:55:11'),
(21, 10, 'YBDB11367', 'Y Banner Desain', NULL, 'Y_Banner_2.jpg', '100000.00', '0.00', 1, '1', 1, '2024-07-09 16:12:47'),
(22, 10, 'YBDB11391', 'Y Banner Desain', 'Y Banner Desain', 'Tigor.jpg', '100000.00', '0.00', 1, '1', 1, '2024-07-09 16:13:11'),
(23, 10, 'BDB11428', 'Banner Desain', '', 'Martabak.jpg', '100000.00', '0.00', 1, '1', 1, '2024-07-09 16:13:48'),
(24, 2, 'DKNKN11592', 'Desain Kartu Nama', NULL, 'Kartu_Nama_3.jpg', '100000.00', '0.00', 1, '1', 1, '2024-07-09 16:16:32'),
(25, 2, 'DKNKN11612', 'Desain Kartu Nama', NULL, 'Kartu_Nama_8.jpg', '100000.00', '0.00', 1, '1', 1, '2024-07-09 16:16:51'),
(26, 2, 'DKNKN11630', 'Desain Kartu Nama', NULL, 'Kartu_Nama_7.jpg', '100000.00', '0.00', 1, '1', 1, '2024-07-09 16:17:10'),
(27, 2, 'DKNKN11649', 'Desain Kartu Nama', NULL, 'Kartu_Nama_6.jpg', '100000.00', '0.00', 1, '1', 1, '2024-07-09 16:17:29'),
(28, 2, 'DKNKN11671', 'Desain Kartu Nama', NULL, 'Kartu_Nama_9.jpg', '100000.00', '0.00', 1, '1', 1, '2024-07-09 16:17:51'),
(29, 2, 'DKNKN11716', 'Desain Kartu Nama', '', 'Kartu_Nama_1.jpg', '100000.00', '0.00', 1, '1', 1, '2024-07-09 16:18:36'),
(30, 11, 'DUU11805', 'Desain Undangan', NULL, 'Undangan_2.jpg', '100000.00', '0.00', 1, '1', 1, '2024-07-09 16:20:05'),
(31, 11, 'DUU11850', 'Desain Undangan', NULL, 'Undangan_10.jpg', '100000.00', '0.00', 1, '1', 1, '2024-07-09 16:20:50'),
(32, 11, 'DUU11869', 'Desain Undangan', NULL, 'Undangan_13.jpg', '100000.00', '0.00', 1, '1', 1, '2024-07-09 16:21:09'),
(33, 11, 'DUU11902', 'Desain Undangan', NULL, 'Undangan_14.jpg', '100000.00', '0.00', 1, '1', 1, '2024-07-09 16:21:42'),
(34, 11, 'DUU11923', 'Desain Undangan', NULL, 'Undangan_12.jpg', '100000.00', '0.00', 1, '1', 1, '2024-07-09 16:22:03'),
(35, 11, 'DUU11952', 'Desain Undangan', NULL, 'Undangan_7.jpg', '100000.00', '0.00', 1, '1', 1, '2024-07-09 16:22:32'),
(36, 11, 'DUU11969', 'Desain Undangan', NULL, 'Undangan_6.jpg', '100000.00', '0.00', 1, '1', 1, '2024-07-09 16:22:49'),
(37, 11, 'DUU11992', 'Desain Undangan', NULL, 'Undangan_9.jpg', '100000.00', '0.00', 1, '1', 1, '2024-07-09 16:23:12'),
(38, 10, 'DBB11928', 'Desain Banner', NULL, 'Martabak1.jpg', '100000.00', '0.00', 1, '1', 1, '2024-07-10 07:55:28');

-- --------------------------------------------------------

--
-- Struktur dari tabel `product_category`
--

CREATE TABLE `product_category` (
  `id` int(10) NOT NULL,
  `name` varchar(191) NOT NULL
) ENGINE=InnoDB DEFAULT CHARSET=utf8mb4 COLLATE=utf8mb4_general_ci;

--
-- Dumping data untuk tabel `product_category`
--

INSERT INTO `product_category` (`id`, `name`) VALUES
(2, 'Kartu Nama'),
(10, 'Banner'),
(11, 'Undangan'),
(12, 'Desain Sendiri');

-- --------------------------------------------------------

--
-- Struktur dari tabel `reviews`
--

CREATE TABLE `reviews` (
  `id` bigint(20) NOT NULL,
  `user_id` bigint(20) UNSIGNED DEFAULT NULL,
  `order_id` bigint(20) DEFAULT NULL,
  `title` varchar(191) DEFAULT NULL,
  `review_text` mediumtext NOT NULL,
  `review_date` datetime NOT NULL,
  `status` tinyint(1) NOT NULL DEFAULT 1
) ENGINE=InnoDB DEFAULT CHARSET=utf8mb4 COLLATE=utf8mb4_general_ci;

--
-- Dumping data untuk tabel `reviews`
--

INSERT INTO `reviews` (`id`, `user_id`, `order_id`, `title`, `review_text`, `review_date`, `status`) VALUES
(9, 23, 34, 'Desain Banner', 'Sangat Rekomendasi Hasil Desain Bagus !!', '2024-07-09 18:04:54', 1),
(10, 18, 35, 'Desain Kartu Nama', 'Sangat rekeomendasi hasil-hail Desain yang istimewa', '2024-07-10 05:14:44', 1),
(11, 20, 36, 'Ady Putro', 'Desain Sangat Bagus', '2024-07-10 05:52:54', 1);

-- --------------------------------------------------------

--
-- Struktur dari tabel `roles`
--

CREATE TABLE `roles` (
  `id` int(10) NOT NULL,
  `role_name` varchar(191) NOT NULL
) ENGINE=InnoDB DEFAULT CHARSET=utf8mb4 COLLATE=utf8mb4_general_ci;

--
-- Dumping data untuk tabel `roles`
--

INSERT INTO `roles` (`id`, `role_name`) VALUES
(1, 'Admin'),
(2, 'Customer');

-- --------------------------------------------------------

--
-- Struktur dari tabel `settings`
--

CREATE TABLE `settings` (
  `id` int(10) NOT NULL,
  `key` varchar(32) NOT NULL,
  `content` varchar(191) NOT NULL
) ENGINE=InnoDB DEFAULT CHARSET=utf8mb4 COLLATE=utf8mb4_general_ci;

--
-- Dumping data untuk tabel `settings`
--

INSERT INTO `settings` (`id`, `key`, `content`) VALUES
(1, 'current_theme_name', 'vegefoods'),
(2, 'store_name', 'Studio Creative'),
(3, 'store_phone_number', '+62 8588 3463 165'),
(4, 'store_email', 'StudioCreative@gmail.com'),
(5, 'store_tagline', 'Pemesanan Jasa Desain Grafis'),
(6, 'store_logo', 'Logo.png'),
(7, 'max_product_image_size', '20000'),
(8, 'store_description', 'Desain Cepat Murah dan Akurat'),
(9, 'store_address', 'Magelang, Jawa Tengah, Indonesia'),
(10, 'min_shop_to_free_shipping_cost', '0'),
(11, 'shipping_cost', '0'),
(12, 'payment_banks', '{\"mandiri\":{\"bank\":\"Mandiri\",\"number\":\"1234567890\",\"name\":\"Studio Creative\"},\"bca\":{\"bank\":\"BCA\",\"number\":\"0987654321\",\"name\":\"Studio Creative\"}}');

-- --------------------------------------------------------

--
-- Struktur dari tabel `users`
--

CREATE TABLE `users` (
  `id` bigint(20) UNSIGNED NOT NULL,
  `name` varchar(50) DEFAULT NULL,
  `email` varchar(191) NOT NULL,
  `email_verified_at` timestamp NULL DEFAULT NULL,
  `username` varchar(16) NOT NULL,
  `password` varchar(191) NOT NULL,
  `profile_picture` varchar(128) DEFAULT NULL,
  `role_id` int(10) DEFAULT 0,
  `register_date` datetime DEFAULT NULL
) ENGINE=InnoDB DEFAULT CHARSET=utf8mb4 COLLATE=utf8mb4_unicode_ci;

--
-- Dumping data untuk tabel `users`
--

INSERT INTO `users` (`id`, `name`, `email`, `email_verified_at`, `username`, `password`, `profile_picture`, `role_id`, `register_date`) VALUES
(7, 'Studio Creative', 'StudioCreative@gmail.com', NULL, 'admin', '$2y$10$eAw6tgE4EEESU8G5WvSSoOF97rLevaJ8ao99gxoO2HUTeLBqDYNdi', '0919f092a8487492631bc84b592a4b0a_icon-wajah1.png', 1, '2020-03-29 08:14:30'),
(16, NULL, 'arfa@gmail.com', NULL, 'Arfa', '$2y$10$fcS5c83PVb1hVCZ3ABeBrek.9syw5FyAYPqVL4CAjGGoLnQ0dlUva', NULL, 2, '2024-07-09 13:51:31'),
(18, NULL, 'susi@gmail.com', NULL, 'Susi', '$2y$10$Tx.NM6/jeIlfZIY9NrB3ougzzjUqTnFD0E3rRU/WX/qR5W14JsBpe', NULL, 2, '2024-07-09 16:46:33'),
(19, NULL, 'agung@gmail.com', NULL, 'Agung ', '$2y$10$Yw0ymjH1tP7AN8hkxM6MSeXF9kc/z7.5KNppUTtfSBuDmuH3Lojcu', NULL, 2, '2024-07-09 16:47:29'),
(20, NULL, 'ady11@gmail.com', NULL, 'Ady Putro', '$2y$10$OE9ZDkQ2ddr07jVzuTXF8.YCKd7pjCdP6w3YQ9VijhTauwp3aH4Ie', NULL, 2, '2024-07-09 16:48:10'),
(21, NULL, 'Fad@gmail.com', NULL, 'Fadli ', '$2y$10$/.V26N0Qa5/2hf918OvfZeRuLFXJPqZNalRwRB4dqGHFyc4aJ09Im', NULL, 2, '2024-07-09 16:48:46'),
(22, NULL, 'tiktik@yahoo.co.id', NULL, 'Tika', '$2y$10$ZI/UK.9By8HcdGN45r2.VeQPUsqkwol4EOQg8xbdbhPq0olWXaIqe', NULL, 2, '2024-07-09 16:49:33'),
(23, NULL, 'Dhan112@gmail.com', NULL, 'Dhani', '$2y$10$jk9emDmnzZVkVURVQSWM0excecs5pj1jCq5f0lxoAr8g3BjayRN2C', NULL, 2, '2024-07-09 16:51:59');

--
-- Indexes for dumped tables
--

--
-- Indeks untuk tabel `ci_sessions`
--
ALTER TABLE `ci_sessions`
  ADD KEY `ci_sessions_timestamp` (`timestamp`);

--
-- Indeks untuk tabel `contacts`
--
ALTER TABLE `contacts`
  ADD PRIMARY KEY (`id`),
  ADD KEY `FK_contacts_contacts` (`parent_id`);

--
-- Indeks untuk tabel `coupons`
--
ALTER TABLE `coupons`
  ADD PRIMARY KEY (`id`);

--
-- Indeks untuk tabel `customers`
--
ALTER TABLE `customers`
  ADD PRIMARY KEY (`id`),
  ADD KEY `FK_customers_users` (`user_id`);

--
-- Indeks untuk tabel `orders`
--
ALTER TABLE `orders`
  ADD PRIMARY KEY (`id`),
  ADD KEY `FK_orders_users` (`user_id`),
  ADD KEY `FK_orders_coupons` (`coupon_id`);

--
-- Indeks untuk tabel `order_item`
--
ALTER TABLE `order_item`
  ADD PRIMARY KEY (`id`),
  ADD KEY `order_id` (`order_id`),
  ADD KEY `product_id` (`product_id`);

--
-- Indeks untuk tabel `payments`
--
ALTER TABLE `payments`
  ADD PRIMARY KEY (`id`),
  ADD KEY `order_id` (`order_id`);

--
-- Indeks untuk tabel `products`
--
ALTER TABLE `products`
  ADD PRIMARY KEY (`id`),
  ADD KEY `FK_products_product_category` (`category_id`);

--
-- Indeks untuk tabel `product_category`
--
ALTER TABLE `product_category`
  ADD PRIMARY KEY (`id`);

--
-- Indeks untuk tabel `reviews`
--
ALTER TABLE `reviews`
  ADD PRIMARY KEY (`id`),
  ADD KEY `FK_reviews_users` (`user_id`),
  ADD KEY `FK_reviews_orders` (`order_id`);

--
-- Indeks untuk tabel `roles`
--
ALTER TABLE `roles`
  ADD PRIMARY KEY (`id`);

--
-- Indeks untuk tabel `settings`
--
ALTER TABLE `settings`
  ADD PRIMARY KEY (`id`) USING BTREE;

--
-- Indeks untuk tabel `users`
--
ALTER TABLE `users`
  ADD PRIMARY KEY (`id`) USING BTREE,
  ADD UNIQUE KEY `users_email_unique` (`email`) USING BTREE,
  ADD KEY `role_id` (`role_id`);

--
-- AUTO_INCREMENT untuk tabel yang dibuang
--

--
-- AUTO_INCREMENT untuk tabel `contacts`
--
ALTER TABLE `contacts`
  MODIFY `id` int(10) NOT NULL AUTO_INCREMENT, AUTO_INCREMENT=8;

--
-- AUTO_INCREMENT untuk tabel `coupons`
--
ALTER TABLE `coupons`
  MODIFY `id` bigint(20) NOT NULL AUTO_INCREMENT;

--
-- AUTO_INCREMENT untuk tabel `customers`
--
ALTER TABLE `customers`
  MODIFY `id` bigint(20) NOT NULL AUTO_INCREMENT, AUTO_INCREMENT=21;

--
-- AUTO_INCREMENT untuk tabel `orders`
--
ALTER TABLE `orders`
  MODIFY `id` bigint(20) NOT NULL AUTO_INCREMENT, AUTO_INCREMENT=42;

--
-- AUTO_INCREMENT untuk tabel `order_item`
--
ALTER TABLE `order_item`
  MODIFY `id` bigint(20) NOT NULL AUTO_INCREMENT, AUTO_INCREMENT=49;

--
-- AUTO_INCREMENT untuk tabel `payments`
--
ALTER TABLE `payments`
  MODIFY `id` bigint(20) NOT NULL AUTO_INCREMENT, AUTO_INCREMENT=19;

--
-- AUTO_INCREMENT untuk tabel `products`
--
ALTER TABLE `products`
  MODIFY `id` bigint(20) NOT NULL AUTO_INCREMENT, AUTO_INCREMENT=39;

--
-- AUTO_INCREMENT untuk tabel `product_category`
--
ALTER TABLE `product_category`
  MODIFY `id` int(10) NOT NULL AUTO_INCREMENT, AUTO_INCREMENT=13;

--
-- AUTO_INCREMENT untuk tabel `reviews`
--
ALTER TABLE `reviews`
  MODIFY `id` bigint(20) NOT NULL AUTO_INCREMENT, AUTO_INCREMENT=12;

--
-- AUTO_INCREMENT untuk tabel `roles`
--
ALTER TABLE `roles`
  MODIFY `id` int(10) NOT NULL AUTO_INCREMENT, AUTO_INCREMENT=3;

--
-- AUTO_INCREMENT untuk tabel `settings`
--
ALTER TABLE `settings`
  MODIFY `id` int(10) NOT NULL AUTO_INCREMENT, AUTO_INCREMENT=13;

--
-- AUTO_INCREMENT untuk tabel `users`
--
ALTER TABLE `users`
  MODIFY `id` bigint(20) UNSIGNED NOT NULL AUTO_INCREMENT, AUTO_INCREMENT=25;

--
-- Ketidakleluasaan untuk tabel pelimpahan (Dumped Tables)
--

--
-- Ketidakleluasaan untuk tabel `contacts`
--
ALTER TABLE `contacts`
  ADD CONSTRAINT `FK_contacts_contacts` FOREIGN KEY (`parent_id`) REFERENCES `contacts` (`id`) ON DELETE CASCADE ON UPDATE NO ACTION;

--
-- Ketidakleluasaan untuk tabel `customers`
--
ALTER TABLE `customers`
  ADD CONSTRAINT `FK_customers_users` FOREIGN KEY (`user_id`) REFERENCES `users` (`id`) ON DELETE NO ACTION ON UPDATE CASCADE;

--
-- Ketidakleluasaan untuk tabel `orders`
--
ALTER TABLE `orders`
  ADD CONSTRAINT `FK_orders_coupons` FOREIGN KEY (`coupon_id`) REFERENCES `coupons` (`id`) ON DELETE SET NULL ON UPDATE CASCADE,
  ADD CONSTRAINT `FK_orders_users` FOREIGN KEY (`user_id`) REFERENCES `users` (`id`) ON DELETE NO ACTION ON UPDATE CASCADE;
COMMIT;

/*!40101 SET CHARACTER_SET_CLIENT=@OLD_CHARACTER_SET_CLIENT */;
/*!40101 SET CHARACTER_SET_RESULTS=@OLD_CHARACTER_SET_RESULTS */;
/*!40101 SET COLLATION_CONNECTION=@OLD_COLLATION_CONNECTION */;
